{
  "LNIFEWMZBMT4PKJIHG6475XNXXQCTK6RYNZ7DNZ4IRMB2WGP5CHW4YCJQE": [
    179159.725616,
    3844680550204
  ],
  "G54HYCO33ZESZJ5P3IKMQMG5EOZNNUQAMS75K3CSR3VLGPLZBSHCVKOL5A": [
    145621.964786,
    3124976518972
  ],
  "FWBXD4PW6VMY5HWBQBA6MUSLQ3Y45ZWL6RX2WEEGJN7EXSSR2T5IQZHQZY": [
    264381.071668,
    5106140258538
  ],
  "BXIQEAQV54DNPLDB7SQWCXZECV75ZZLANX743VGFIPJOB3R7AL4TA7WYNY": [
    185165.468628,
    3973560873445
  ],
  "LHZ2QVBSA5FVZA7U7KL4WNXGUMD34PYBYS7Z6YVJYYULMVAZ3X52NFKY5E": [
    45352.234338,
    973236884956
  ],
  "KGLMAWQUAAM2TN4SODB2BTKXS3LZCAMKMPWXYOYTF2LPYRORSQEMMC67HM": [
    43242.988762,
    927973501057
  ],
  "RXFWARBK2PGOVXMZRGQARNTYUDCGPOVXWQD4WLNS75ORCOLHPITOXMFNIY": [
    210123.535557,
    4509148847589
  ],
  "SX5UALJNIILDQ66622XJP5XM42GHBCJKPFDQNK53XSUSSPGK6YC5XCFN4Y": [
    58394.814704,
    1253124314374
  ],
  "J6P2ZW6ZX6GLEDQ2OQG2UXA6LGB7YY447UIUFRGFE6LKLYRYSCINP3WEWQ": [
    52275.342753,
    1121803423437
  ],
  "AXFIXJZQGMB72MEVB3VFDV6Y5E6KK5XMIITLYWU35LGKHJIVV5DYKBHFKM": [
    161731.438519,
    3470677988009
  ],
  "AAGAO5PY2XRFKAP3GF5GO4FY7MVQE2T46OFKEKJNSWYDREUKVUJ266PAWA": [
    32235.113355,
    691749850171
  ]
}