{
  "XVDVPYKTBLQWI3UUVEQIKHPBAT44A6NLP4JTARAJEKT7EY5N4GIOL64SEA": 3984992.719939,
  "ZLMJPSYKPBZLCVL5ZO4MXPUELSBOV34MACDBFJZHYV74AWWJBB6L5YDMFI": 500000,
  "35MGMKSWDEWONHMG4FM6RADSAQDPUIJBYQO475H72IKEQF3D5PPGML2IHI": 1240153.65976,
  "6NG6XFPCQGXMSLN72Z35OR62YPOSVYFARKPHAVTVAYAI5DA42ELGQEEIIQ": 443385.603055,
  "D3S6VBVPDD2Y2SNYFAT65AL25KUCKMY5IYM7RK3N4LMJIW44G2OWKBRSOI": 99148.633867,
  "GC2EYPJNYCFKIY3BZTPKCVTHSEFGFDCRP4KGDCN7YKENEQJSHU72IUR4XQ": 215533.168046,
  "MW4TQIK3Y5ZGM35HJMT6CYVSUOGV2M27ZEA5MFJKEWUMTFVJT5HYCYO7LI": 953621.497094,
  "RRMFFIMCC6FTD3ZKVWRFA2GLOEVMPC6LHRAIBDWSDSUSIW6TP4BMS7SDJQ": 209311.822156,
  "B2OG7SJ7IQGWFVQ273GSI2OP3OEP57FG32YV3BHBKZVCVP5V5HDCVTH5HE": 215249.289596,
  "V75HAM4RLG6X5XV4GO3T7HKLPMOUPITES73CONCAEXMEAJVPBEQYSSCWXI": 69181.768709,
  "WXIVDKGSBDBLBNKP3ZYEXJU5WHBEPYLKOQAWXBYFGJ6VDVZQA3WCLSE4WA": 1862647.147079,
  "YCUJYAHIBMQKZT4YAA2LOBKXGDAFLQNFJNLOUFY6L57CL7PQLAAYCLLV2A": 7298923.197326,
  "YLDYFXBWR6SSH54EDDALD5LTEO2XWRYPSUYXN2QOOYGZDSEKXOFF2IKWJM": 959087.372605,
  "ZHEXXLDVC5NAQT47AUGXZX73XZ45IHIP4EYPAXSUP6KY543I5CWTEC2L3M": 5075954.067669,
  "ZJEPH66G4C2YLVAOL6NH6ZP3GPCRG3BDZQJ4KCHDN3BD6GZ3YWCHTGOTMA": 939141.395978,
  "43POHFILIWERJKDYFFE5272QXDAWBO6QMKYMJ7O4J33E7OQXLMI3SMMJVU": 243346.340969,
  "F25KGBG7LRHCYRCIIIO2YU3GQW4PWOIP472YZTFQTS2I5R2YNDFJEUKGLA": 88688.281799,
  "KFG7MKIFMRYFZTJBIHVT2RRVCDANDPIZ3XO5GT6LG2XOELPRREJ2IL3OJU": 201679.731234,
  "MKGELCNOV23RHCJYJQ3CULH5NUOYWF54LCGZNMTSG4BEXLXQL3YITWPSCI": 189987.124611,
  "QMT7TJDTPNW4XMJNCURKEIF243SZ6NRYLALGPZ4HQMD6PYOPIEN4CZHUK4": 178886.089569,
  "VIXMHEXXX3YCZHLTLC4WTLFJEHCBTQ7RFNT4BFWDFUPHYHZXCMYCLQWOZI": 350218.481672,
  "22T47MKF2YHPJVOJN4PKSAD5EPRBWWL4VZ4G6I6XIDFI5FS7OZYYY3PPWU": 32811.080138,
  "2YNMNHBUF7ZMT4RULXMY2U7WJYBYKCMX4NM2S6OBQBPVB42BWSXYXMQ7OU": 25676.982175,
  "5IUJLNK2TCD7CXPUASYKVZA4TFOVOPLPUKZCOKAHIDTZ2TIAIM6JH3Z2I4": 266312.016438,
  "6K6GEPGCS2FU7IUMFQYRKQMIWHZ4MU5ARM6GTEIKLXILURUN6SYHQMJWDU": 1331707.085924,
  "77CLIMT44TKRXTFQJ3JH2IFC75E3XNSDITTBVGIJBIYXRAB7KEJ57H4F3M": 25643.702004,
  "A27T4SCZMUGKLHRSOBPWY7MA5COTUSJP67ZUU3IULQLKTQGCN2QC7GRIDA": 24332.440299,
  "AAGAO5PY2XRFKAP3GF5GO4FY7MVQE2T46OFKEKJNSWYDREUKVUJ266PAWA": 33769.977401,
  "AGEKNOFLJH46EBELOLC7TE4SOCY7FITESVGWQXBZK5IZDAGVZ5STQ7QHWI": 68966.88539,
  "AXFIXJZQGMB72MEVB3VFDV6Y5E6KK5XMIITLYWU35LGKHJIVV5DYKBHFKM": 263201.192148,
  "BDROVL6LMI2CCSVNVLQEWVBTBZNL5OUFUZCHRXJVPRPQ2QMJR4MP7RWFSY": 266340.459452,
  "BXIQEAQV54DNPLDB7SQWCXZECV75ZZLANX743VGFIPJOB3R7AL4TA7WYNY": 118354.723169,
  "DF2CJ4567MTBKHHVLNQLGQZ6FGMM3GBS2GAO2NAEYPN4INLIYQJQXLLJPI": 163390.688448,
  "DOLIDLAE2A4IZZ7Y5XNTTRG76ZP5WXPANRLEM3VGDLVH53V64ALHPKSACY": 46727.048407,
  "DR4U4FGXHZD3MNWT7L6AR6YJC3G3LQAZJNVLERKEXXFFS5OJSKB3VW6Y2A": 26008.876898,
  "F2KN2PZPDWUX55TFYZNB5XHN23VFLSTWQHPDSKSLQYBLZTXU6KTRK2JYDY": 25529.009377,
  "F5OEZCDXXV7U3M6STUYSNO4MWEHNASQEX6TXB7SQBPS2YPG3S4EUPWGZNY": 30120.939452,
  "FJJN7N2AE7ASRKVIBOIICAZYF5L3VW26QV4TSUBFEVA6F3Q4R7CBAXMKCE": 24477.780598,
  "G43EZZHFQ7RE5TICKQKHBHRG6W37CA6LJVAYMW5SV2Q25NHNCHERF5EGTA": 41849.8627,
  "G54HYCO33ZESZJ5P3IKMQMG5EOZNNUQAMS75K3CSR3VLGPLZBSHCVKOL5A": 159056.256386,
  "HUWSWYG6JXWNOIZZZSDNREAZWZGZG5MUQLFFKPO6LHUXOGWWBMKUYVADO4": 38593.387476,
  "IBVWQMCFRZXG5Q6I4XKTN2RECG2UULGMIFRVQR4AFFD427SY7DV6NCMA24": 72924.243886,
  "K4JECETZWGNC67RE5YCI2H323PVSWKFZ5S3RD7YTUSU66UNBRASE6VXQKU": 47019.691209,
  "L7RF6SLJVI4YSKNRGYBMXVQUVXWRPEEJMXJBTCTYMVGCZGU7P7GM6UUTY4": 84796.459784,
  "LDB2Q37IDQB53IJM6U3A4YNQNQOECCJ7EIUUWSJNFX2PTCWBG2K767UL34": 27671.142597,
  "LHZ2QVBSA5FVZA7U7KL4WNXGUMD34PYBYS7Z6YVJYYULMVAZ3X52NFKY5E": 73133.631173,
  "MBQWJYPXXZIXRT65J4CC4LD4KHLEKNFABXOIPLJHRE2RGRALQ5LSJ3CW7E": 119840.185348,
  "NL3WIDML6X2JKVUANKUTFJKNJMVQPLSS3B6FDJNWZ75XA4GTRLBHIHT2DM": 115840.100605,
  "NMWQ2A3RKYZCBUAJ6TL66674YFKGUTGD55XNALFEABKELUOCYKXGQ7NXJI": 26868.574911,
  "NTUI3ACRJVT5OAWWVAXIOQZXDFZRV67PEI7NRZPRHQMOSGGWEUOGC34CAU": 32389.265337,
  "NXKVWJQHRAMSJUGBIANCR5XTAWTRVB3HSK67DKLRSQ62LJCRYMQPMBUMJQ": 27754.781781,
  "OMJSK5WQ6KQBKAXN4XEKYOOJHV52OFFOESKQXH4W56AISBAYKD4R45A45E": 25533.906237,
  "ORARSR5WVMTQSWTLQ5MOF7LXQEXN5FJH53X6EPX6442KDTJU7UDBLCHBS4": 266312.185972,
  "OTDTAQ6J43WQ4VU3LGROTCVOQ33EMXPERTXRAGOVSEUEXTHMG4ZGEJCVHE": 266341.191365,
  "OZ4TEAQS5HVGM2BE267BOM6FJWNHARC2BSMLZTZVPBGBKPMELQPJVHXQOA": 1456930.459693,
  "PNNGV2O35PW3R2EWSSJMDIA4AC2GIXQTX63VGXPTN7BVSMQXXIBIV3Y55I": 24511.195474,
  "PTL3W7VCUL6EL7CNWLYUQ7HETO5MP7V3EVVD4SB7BPJY3RYNZK3MSKBWGM": 85380.50988,
  "SIP2GKX3Z6XA6C44BDD6J2WWWLK6UJF3TR2ZFUIFIJBLNS4FZAKKTADUQU": 272652.330574,
  "TJ7SMOGG52KCSEDWGP4NNCJMJFFLBFI5IKQS7GDUJN5UZJWCP7NTPPFMJ4": 88963.350982,
  "TUC7R27LLNZ3GEZ72AQCC6UM56C3VZ34XDM5P277LLFDHHE2YBQY2J5JG4": 67074.618543,
  "UIAO5U3RDN5BB7XDWL3HMIOV6K5N65XXXFH72ZLPPU7VPCWMUREC4IF27E": 25533.906254,
  "VLTMBA5PXPBRJVTR67Q4YP7BV4KFORRJ7OJVMDXFULCTVPL4FHCSH5PRUE": 56205.364442,
  "VVX6V7SCW4S7FOEGJPEQ2D4NWZVD4D7KELQXZHE2UIIPB4PT3I7VVET7DA": 119840.312012,
  "XMOF26LDTRLDTKXNP74L3FKRXYZZYY33GHJRL323ZHL55VB3FU5STKLXUU": 26867.419528,
  "YUNVLYMW5UGSGTF6AQE5GNO2OFB22JVNIEY5JT4OVIG5GKSAYU3E3337OI": 57115.922839,
  "ZXEJC63CKL34CA7IWZTHB66QJ35QRM7KAY4VQYR4YGOT4QW5RHAQTVVWTM": 96136.854858,
  "BZPKT7UAL7ZLNXI46TAZNYXQCRFCZ4GYFWTQ5Q72TJ5NFJ7EUL3JPTONAI": 23536.568322,
  "FWBXD4PW6VMY5HWBQBA6MUSLQ3Y45ZWL6RX2WEEGJN7EXSSR2T5IQZHQZY": 295825.093279,
  "HRU4TSFFRZJLNF2LTYATPMXPAJMP6ZPRNHU7W3XKVM3DQKNUHFGBY5DSQU": 23675.229308,
  "J6P2ZW6ZX6GLEDQ2OQG2UXA6LGB7YY447UIUFRGFE6LKLYRYSCINP3WEWQ": 61179.301753,
  "KGLMAWQUAAM2TN4SODB2BTKXS3LZCAMKMPWXYOYTF2LPYRORSQEMMC67HM": 49621.141155,
  "LNIFEWMZBMT4PKJIHG6475XNXXQCTK6RYNZ7DNZ4IRMB2WGP5CHW4YCJQE": 186500.62336,
  "RXFWARBK2PGOVXMZRGQARNTYUDCGPOVXWQD4WLNS75ORCOLHPITOXMFNIY": 260266.00662,
  "SX5UALJNIILDQ66622XJP5XM42GHBCJKPFDQNK53XSUSSPGK6YC5XCFN4Y": 66385.202821,
  "7BXIAE7Y5PMGXNYO6KXIC4PGXHOR7LJ6RA7MI7K5S3ZYLK4IN3H5M6Z5NA": 23335.757357,
  "DZJR7GV6Q74AFL4LOOL6ZCPH3DCHN23KY7K3ISWU2NDMYNNLOQ2D7QISZ4": 97163.805701,
  "EDVWTOXDFALE63V64HTBZPLCNRH3BWB42IENAZCSZQTA6JS34QJGHBIJFA": 33786.273862,
  "FREDESTDMDNTXKITMO2TEL4ADKHJ7KOQ4HHCX7N65NGTBNLUCWI7W7AMHY": 40994.638581,
  "J4FJYB5SDE4NGVIW7EKXZ7ULUU7ER3XAFG5JYEXIVVOQDYPHB36M4WDOD4": 94076.783248,
  "PHONESEDWNAA2PAZNFRVVHTHX6ZRQVEKIA2LMTFQ4IB3O4Y7BLFWJPYUDI": 354375.642742,
  "TINYTRCVGRJPIESUP7VUB75DLOGYD5D3L7CKQNEHWKNBI45PFB53SCVDYY": 25629.658381,
  "VXWLL7CJBYXETVOHFWI6OOWVN6XIYVDC3G757OV223FBPQZQQTAZGEKK6I": 26887.795012,
  "YKTO4C2WAC2BSMJMYKM43YCGUYHU3XHAHAYG6UUSF3BLOF6VMGRXKYB7ZU": 23304.349375
}