{
  "HUWSWYG6JXWNOIZZZSDNREAZWZGZG5MUQLFFKPO6LHUXOGWWBMKUYVADO4": [
    56119.898059,
    1204305709936
  ],
  "ZHEXXLDVC5NAQT47AUGXZX73XZ45IHIP4EYPAXSUP6KY543I5CWTEC2L3M": [
    1211912.927007,
    23406355634257
  ],
  "43POHFILIWERJKDYFFE5272QXDAWBO6QMKYMJ7O4J33E7OQXLMI3SMMJVU": [
    100154.502866,
    2149266906174
  ],
  "NL3WIDML6X2JKVUANKUTFJKNJMVQPLSS3B6FDJNWZ75XA4GTRLBHIHT2DM": [
    80135.635707,
    1719671756159
  ],
  "YLDYFXBWR6SSH54EDDALD5LTEO2XWRYPSUYXN2QOOYGZDSEKXOFF2IKWJM": [
    546752.915566,
    10559746414635
  ],
  "XMOF26LDTRLDTKXNP74L3FKRXYZZYY33GHJRL323ZHL55VB3FU5STKLXUU": [
    24104.523953,
    517271357143
  ],
  "MKGELCNOV23RHCJYJQ3CULH5NUOYWF54LCGZNMTSG4BEXLXQL3YITWPSCI": [
    106655.853328,
    2288782724174
  ],
  "LDB2Q37IDQB53IJM6U3A4YNQNQOECCJ7EIUUWSJNFX2PTCWBG2K767UL34": [
    27189.663794,
    583476957208
  ],
  "VLTMBA5PXPBRJVTR67Q4YP7BV4KFORRJ7OJVMDXFULCTVPL4FHCSH5PRUE": [
    53257.667783,
    1142883640687
  ],
  "GC2EYPJNYCFKIY3BZTPKCVTHSEFGFDCRP4KGDCN7YKENEQJSHU72IUR4XQ": [
    99836.866402,
    2142450582195
  ],
  "MW4TQIK3Y5ZGM35HJMT6CYVSUOGV2M27ZEA5MFJKEWUMTFVJT5HYCYO7LI": [
    459568.55757,
    8875905898098
  ],
  "YCUJYAHIBMQKZT4YAA2LOBKXGDAFLQNFJNLOUFY6L57CL7PQLAAYCLLV2A": [
    3531279.345234,
    54561266478134
  ],
  "UEP4E4F6JDRTPG6SOATKRCOJBYIVUT5FOC3HLWXJZAKAFFR5NZETWYAHQQ": [
    79842.746608,
    1713386498592
  ],
  "KFG7MKIFMRYFZTJBIHVT2RRVCDANDPIZ3XO5GT6LG2XOELPRREJ2IL3OJU": [
    82723.316298,
    1775202122738
  ],
  "NXKVWJQHRAMSJUGBIANCR5XTAWTRVB3HSK67DKLRSQ62LJCRYMQPMBUMJQ": [
    25820.131648,
    554087463648
  ],
  "D3S6VBVPDD2Y2SNYFAT65AL25KUCKMY5IYM7RK3N4LMJIW44G2OWKBRSOI": [
    51967.549762,
    1115198335594
  ],
  "35MGMKSWDEWONHMG4FM6RADSAQDPUIJBYQO475H72IKEQF3D5PPGML2IHI": [
    426043.844334,
    8228424265515
  ],
  "WXIVDKGSBDBLBNKP3ZYEXJU5WHBEPYLKOQAWXBYFGJ6VDVZQA3WCLSE4WA": [
    819827.559665,
    15833790524604
  ],
  "IBVWQMCFRZXG5Q6I4XKTN2RECG2UULGMIFRVQR4AFFD427SY7DV6NCMA24": [
    48788.62878,
    1046980237877
  ],
  "NKWAXEKZCDMBPYLRU3PKVHBAW7AO774HWIXSOCZCCMPAATLYPIK2DL6UHA": [
    313484.843837,
    6054509014056
  ],
  "ZJEPH66G4C2YLVAOL6NH6ZP3GPCRG3BDZQJ4KCHDN3BD6GZ3YWCHTGOTMA": [
    206448.360801,
    4430281385310
  ],
  "F25KGBG7LRHCYRCIIIO2YU3GQW4PWOIP472YZTFQTS2I5R2YNDFJEUKGLA": [
    31427.319213,
    674414980877
  ],
  "L7RF6SLJVI4YSKNRGYBMXVQUVXWRPEEJMXJBTCTYMVGCZGU7P7GM6UUTY4": [
    77797.033739,
    1669486495651
  ],
  "6NG6XFPCQGXMSLN72Z35OR62YPOSVYFARKPHAVTVAYAI5DA42ELGQEEIIQ": [
    216840.55356,
    4653292786092
  ],
  "SIP2GKX3Z6XA6C44BDD6J2WWWLK6UJF3TR2ZFUIFIJBLNS4FZAKKTADUQU": [
    141659.427641,
    3039942399621
  ],
  "VIXMHEXXX3YCZHLTLC4WTLFJEHCBTQ7RFNT4BFWDFUPHYHZXCMYCLQWOZI": [
    175635.710798,
    3769056906661
  ],
  "F5OEZCDXXV7U3M6STUYSNO4MWEHNASQEX6TXB7SQBPS2YPG3S4EUPWGZNY": [
    32596.404179,
    699502975492
  ],
  "RRMFFIMCC6FTD3ZKVWRFA2GLOEVMPC6LHRAIBDWSDSUSIW6TP4BMS7SDJQ": [
    97789.213284,
    2098508942463
  ],
  "NMWQ2A3RKYZCBUAJ6TL66674YFKGUTGD55XNALFEABKELUOCYKXGQ7NXJI": [
    24425.382346,
    524156822156
  ],
  "XVDVPYKTBLQWI3UUVEQIKHPBAT44A6NLP4JTARAJEKT7EY5N4GIOL64SEA": [
    1675985.26896,
    32369245651934
  ],
  "V75HAM4RLG6X5XV4GO3T7HKLPMOUPITES73CONCAEXMEAJVPBEQYSSCWXI": [
    32007.41776,
    686863613485
  ],
  "QMT7TJDTPNW4XMJNCURKEIF243SZ6NRYLALGPZ4HQMD6PYOPIEN4CZHUK4": [
    59903.430552,
    1285498476538
  ],
  "AGEKNOFLJH46EBELOLC7TE4SOCY7FITESVGWQXBZK5IZDAGVZ5STQ7QHWI": [
    63724.216172,
    1367490677130
  ],
  "ZXEJC63CKL34CA7IWZTHB66QJ35QRM7KAY4VQYR4YGOT4QW5RHAQTVVWTM": [
    93799.004619,
    2012881005751
  ],
  "YUNVLYMW5UGSGTF6AQE5GNO2OFB22JVNIEY5JT4OVIG5GKSAYU3E3337OI": [
    51067.188134,
    1095877013081
  ],
  "PTL3W7VCUL6EL7CNWLYUQ7HETO5MP7V3EVVD4SB7BPJY3RYNZK3MSKBWGM": [
    43712.885992,
    938057267008
  ],
  "K4JECETZWGNC67RE5YCI2H323PVSWKFZ5S3RD7YTUSU66UNBRASE6VXQKU": [
    44886.043339,
    963232652933
  ],
  "TUC7R27LLNZ3GEZ72AQCC6UM56C3VZ34XDM5P277LLFDHHE2YBQY2J5JG4": [
    62369.849018,
    1338426616894
  ],
  "DF2CJ4567MTBKHHVLNQLGQZ6FGMM3GBS2GAO2NAEYPN4INLIYQJQXLLJPI": [
    148582.544015,
    3188509108916
  ],
  "SKNZQAWZH473UXIGNYLTEXEB3Z5R3PUDJCFIZYTESV6Z3NOLZEINAUN2NY": [
    1307371.46291,
    25250000000000
  ]
}